ID,Area,Bedrooms,Bathrooms,Floors,YearBuilt,Location,Garage,DistanceToCityCenter,Price
1,2146,5,1,1,1997,Urban,1,26.75,514551
2,1418,5,4,3,1974,Suburban,0,34.45,328480
3,3297,2,3,1,1985,Rural,1,37.46,830073
4,2031,1,2,1,1957,Rural,0,10.74,127132
5,3845,4,3,2,2022,Suburban,1,43.37,335103
6,2406,5,3,1,2007,Suburban,0,47.8,184378
7,3586,2,3,3,1994,Rural,1,11.91,217254
8,2575,5,1,2,2011,Suburban,0,44.14,638411
9,1213,4,4,3,1988,Rural,1,4.94,489542
10,1562,4,1,2,2007,Rural,1,2.88,792255
11,2476,3,4,1,2013,Urban,0,6.55,585786
12,1796,6,2,2,1993,Urban,1,2.98,634486
13,625,6,2,2,1978,Rural,0,42.27,540585
14,4096,2,3,1,2008,Rural,0,3.05,67197
15,3783,4,4,1,2020,Rural,0,13.66,716079
16,2103,3,4,3,1958,Rural,0,5.28,148775
17,566,3,4,3,1955,Rural,0,14.84,851464
18,732,5,3,1,1978,Rural,1,4.62,886056
19,2656,5,3,1,2007,Suburban,0,33.43,904609
20,1669,3,2,1,1966,Rural,0,6.75,868396
21,2658,5,1,2,1965,Suburban,0,42.61,725388
22,4706,4,4,2,1952,Suburban,0,40.88,151030
23,1993,1,4,2,1970,Rural,0,0.78,356790
24,4507,4,1,1,2013,Rural,0,44.8,907619
25,2972,3,4,3,1985,Suburban,1,1.54,441752
26,3160,3,3,1,2011,Suburban,1,12.06,681687
27,3239,4,3,2,1991,Rural,0,1.72,96747
28,2261,5,4,2,1991,Rural,1,16.86,85712
29,4014,5,3,1,2010,Suburban,0,25.74,439489
30,2475,6,3,1,1962,Suburban,0,39.85,373964
31,2862,3,4,2,1960,Suburban,0,16.97,165342
32,1376,2,2,2,2003,Urban,0,35.3,655516
33,4312,6,1,2,1965,Suburban,0,9.46,376497
34,3948,5,3,1,1957,Urban,1,37.55,527707
35,1812,4,2,2,2008,Rural,1,11.88,132091
36,1960,5,3,2,2006,Rural,1,7.26,388058
37,3209,4,3,3,1989,Suburban,1,9.35,221902
38,2824,6,1,1,2008,Rural,0,9.18,933150
39,2233,3,3,3,1951,Rural,1,25.69,450343
40,2105,5,1,3,1959,Rural,0,42.26,286222
41,3063,4,1,2,1993,Rural,1,4.07,254560
42,3921,3,1,1,1960,Urban,1,35.38,575827
43,4017,2,2,2,1951,Urban,1,32.75,742121
44,2897,4,4,1,1999,Suburban,1,43.64,872651
45,4235,6,2,3,1961,Suburban,0,12.28,972196
46,3370,2,4,1,1972,Suburban,1,22.56,315478
47,1660,2,4,2,1967,Rural,1,46.3,986119
48,742,1,1,2,2011,Rural,0,33.03,834335
49,3090,5,3,2,2011,Urban,0,19.5,461743
50,1563,4,1,1,1987,Urban,1,6.66,973133
51,4824,2,3,3,2016,Suburban,0,13.2,554906
52,3095,1,4,3,1987,Urban,0,29.1,622296
53,1419,6,1,1,2016,Urban,0,35.94,516492
54,505,3,3,2,2010,Urban,1,6.31,401462
55,967,4,2,3,1950,Urban,0,30.02,459924
56,4670,2,3,2,1994,Urban,1,27.56,706220
57,503,5,1,1,1977,Suburban,1,25.75,974942
58,1145,1,2,2,1970,Suburban,1,34.54,107300
59,617,2,3,3,1962,Urban,1,41.89,431407
60,3428,5,3,3,1976,Suburban,0,16.22,847274
61,3051,2,3,2,1956,Rural,1,44.46,231285
62,4789,4,3,1,1971,Urban,0,8.12,868804
63,1346,4,3,2,2002,Rural,1,8.73,416460
64,3262,4,2,1,1953,Suburban,0,13.41,138971
65,1641,6,4,2,1972,Suburban,1,6.06,78744
66,2310,6,2,3,2019,Rural,0,11.59,418226
67,1223,1,2,1,1982,Suburban,1,5.41,359586
68,724,4,2,1,1977,Urban,1,41.11,955502
69,4708,5,4,1,1957,Rural,0,7.03,650278
70,2548,2,1,3,1950,Urban,1,37.39,948102
71,4915,3,4,2,1986,Rural,1,2.49,409061
72,2073,5,2,3,2012,Suburban,1,47.43,274975
73,2328,6,3,1,1971,Rural,0,35.59,567938
74,2417,6,3,2,2019,Rural,1,0.44,609405
75,4734,5,2,3,1970,Urban,1,38.22,917676
76,2526,6,3,1,1984,Suburban,0,25.75,829622
77,4244,4,2,1,1954,Urban,0,38.99,88113
78,1401,1,3,3,2009,Suburban,0,26.17,179861
79,2539,2,4,3,1995,Urban,0,32.09,72125
80,509,1,1,3,1999,Rural,0,39.34,269767
81,760,2,1,1,1997,Urban,1,20.31,432144
82,2173,2,4,3,1955,Suburban,1,0.24,974963
83,2719,1,4,1,2005,Suburban,1,42.51,730778
84,2560,5,2,3,2008,Rural,0,19.11,938336
85,4213,2,2,1,1978,Suburban,1,24.85,218157
86,2119,1,2,1,2020,Urban,0,0.49,583056
87,820,2,3,2,1967,Rural,0,24.66,745321
88,1842,3,2,3,1951,Suburban,1,49.33,383243
89,2876,5,4,3,1957,Suburban,0,13.99,293807
90,3332,4,1,1,2003,Urban,0,19.83,723245
91,3324,2,3,1,1987,Urban,1,34.39,651709
92,2494,3,2,1,1997,Rural,0,40.76,756442
93,3458,4,3,2,1976,Suburban,0,20.93,833327
94,2538,4,3,2,1969,Urban,1,15.55,221383
95,3990,2,2,1,1961,Rural,0,46.9,784854
96,4177,1,3,3,1992,Suburban,0,33.89,238139
97,1618,2,1,3,2010,Suburban,1,6.04,111017
98,2104,3,4,2,1980,Rural,1,3.54,850364
99,4527,4,4,2,2010,Rural,1,24.23,585648
100,735,2,1,1,2016,Urban,1,11.08,881279
101,2469,1,3,3,1984,Suburban,0,12.77,542394
102,4929,2,2,1,1964,Suburban,0,43.9,654653
103,2408,5,3,2,1965,Suburban,1,4.57,649756
104,875,1,1,3,1962,Rural,0,35.8,297137
105,4030,3,3,3,1984,Urban,0,13.63,341075
106,3135,4,4,2,2008,Suburban,1,38.04,95823
107,2070,2,3,1,1970,Rural,1,36.15,864464
108,3060,1,1,1,2003,Suburban,0,0.47,811279
109,3891,5,4,3,1979,Urban,1,25.51,776786
110,3465,1,3,2,1997,Suburban,1,7.05,58807
111,4143,6,3,3,1984,Urban,1,43.32,969271
112,4350,5,4,2,1987,Urban,0,43.59,703431
113,1372,3,2,1,1980,Suburban,1,20.98,617701
114,1752,4,4,2,1973,Suburban,0,22.28,721509
115,1814,3,2,1,1998,Urban,0,15.23,579828
116,3398,2,1,2,1981,Rural,0,35.86,796572
117,577,1,1,3,2004,Urban,1,18.0,110248
118,3121,6,4,1,2007,Suburban,1,13.46,292515
119,4727,5,4,3,1952,Suburban,1,21.67,787097
120,1100,5,1,3,2018,Rural,1,4.67,150494
121,1565,1,2,1,1959,Urban,1,37.36,813931
122,2636,6,1,1,1974,Urban,0,0.73,649723
123,2949,1,4,3,2017,Urban,0,32.26,584075
124,2843,2,1,3,2010,Suburban,0,9.22,323126
125,2363,3,4,3,1978,Urban,1,11.7,290768
126,1818,5,4,3,1968,Rural,0,31.82,586894
127,4097,2,1,1,1992,Suburban,0,49.65,822920
128,4262,3,2,1,2015,Suburban,1,38.91,967654
129,2690,2,3,3,2010,Urban,1,11.37,812783
130,1492,6,1,2,1992,Rural,0,8.88,273867
131,3212,5,3,2,1974,Suburban,0,43.33,152223
132,2692,1,1,1,1969,Suburban,1,22.26,611224
133,1748,1,3,3,1997,Urban,1,6.94,657574
134,3554,3,2,3,1973,Urban,1,43.12,966097
135,4533,4,2,1,1960,Rural,1,40.82,974862
136,2497,6,1,2,2004,Urban,0,49.2,601669
137,4187,3,4,2,1977,Rural,0,45.5,423609
138,2651,4,3,2,2018,Suburban,1,42.6,854506
139,4518,2,4,1,2012,Rural,0,2.72,453811
140,3610,6,4,2,2008,Rural,0,5.31,608482
141,2470,2,4,1,1954,Rural,1,28.49,744737
142,697,5,2,1,2000,Suburban,0,26.62,328997
143,3126,6,1,3,1970,Urban,0,22.95,375863
144,1702,4,1,2,1961,Suburban,0,19.9,191733
145,2535,5,2,1,1999,Urban,1,21.62,563512
146,977,1,2,2,1953,Rural,1,28.51,745853
147,1754,4,1,2,1991,Rural,0,0.2,683012
148,1422,3,4,3,1987,Rural,1,13.11,277777
149,919,1,3,2,1974,Rural,1,25.96,207567
150,2704,1,3,3,1963,Rural,1,36.14,53703
151,3097,3,3,1,1981,Urban,0,8.79,988319
152,1620,6,4,2,1960,Urban,0,27.39,987069
153,3568,1,1,1,2010,Rural,1,35.75,943923
154,1450,4,2,2,1967,Suburban,0,22.29,98453
155,2836,5,1,1,1976,Suburban,0,1.45,652766
156,2743,1,4,2,2004,Rural,0,22.52,541738
157,3145,4,2,2,2003,Urban,0,14.89,859593
158,2357,2,4,2,1970,Suburban,0,46.49,227063
159,2365,4,3,2,1993,Suburban,1,6.32,416440
160,3412,5,3,2,1954,Suburban,0,32.66,278411
161,3353,4,4,2,1990,Rural,0,2.73,442932
162,3728,3,2,2,2008,Suburban,0,22.36,859781
163,4219,5,2,2,2003,Suburban,1,27.74,611386
164,3728,6,1,2,1971,Suburban,1,14.97,410579
165,2871,2,3,1,2014,Suburban,1,22.81,957636
166,3391,3,1,3,2013,Urban,0,8.26,91990
167,4256,6,1,2,2020,Rural,1,15.28,371065
168,4725,4,4,3,1953,Rural,1,31.09,731898
169,594,5,4,2,2014,Urban,1,15.16,664860
170,3174,2,1,2,1964,Urban,1,45.0,801269
171,2455,3,3,1,1971,Rural,0,31.46,309357
172,1293,6,4,1,1996,Suburban,1,21.99,164693
173,2334,6,1,3,1995,Suburban,1,2.03,215295
174,2616,2,1,1,1963,Rural,0,25.03,918087
175,4606,4,1,1,1999,Suburban,0,38.26,825786
176,3825,2,1,3,1969,Urban,1,13.35,370515
177,3419,6,1,1,1999,Suburban,0,40.36,108274
178,3097,1,1,2,1982,Suburban,1,12.67,934285
179,3705,3,4,3,2008,Suburban,0,41.2,306278
180,1314,2,3,3,1992,Rural,0,4.35,917860
181,845,6,1,2,1961,Urban,1,43.32,603889
182,2849,4,2,1,1989,Suburban,0,25.01,900321
183,862,6,4,3,1969,Rural,1,14.9,317834
184,2943,4,4,3,1987,Suburban,0,13.33,304053
185,2765,2,1,2,1952,Urban,1,21.66,393383
186,2688,4,4,2,1977,Suburban,0,49.95,382176
187,3505,5,1,1,2005,Urban,0,11.09,576350
188,3781,5,3,3,1962,Suburban,0,5.25,377530
189,1484,5,3,1,2015,Urban,0,29.29,788597
190,2139,1,4,1,1986,Suburban,0,24.48,730091
191,1327,2,4,2,1998,Urban,1,26.26,176225
192,3230,6,2,3,2015,Suburban,0,33.38,181553
193,4031,6,4,3,1985,Suburban,1,13.43,139270
194,4951,1,2,3,2003,Rural,1,45.54,892857
195,3435,4,3,2,1975,Rural,1,21.84,758960
196,4376,1,3,2,2021,Urban,0,6.54,649269
197,626,4,1,2,1989,Suburban,1,37.14,668758
198,3677,4,3,2,1992,Urban,0,32.19,723565
199,3556,3,2,2,1971,Rural,1,15.86,128887
200,1103,6,4,3,1969,Urban,1,31.11,383686
201,3949,5,1,1,1957,Urban,1,11.07,875544
202,4646,4,2,3,1978,Rural,1,22.3,182012
203,4033,3,4,1,1989,Suburban,1,44.98,885442
204,3867,6,1,2,1979,Urban,0,6.76,772154
205,3868,5,3,1,2004,Rural,1,19.4,326629
206,4297,4,2,3,1965,Suburban,1,41.08,653587
207,2292,4,4,3,1995,Rural,0,48.48,557537
208,3361,1,1,1,2011,Urban,0,22.75,932016
209,3976,1,1,2,1956,Suburban,0,25.4,434283
210,3917,6,3,2,1994,Suburban,1,28.65,847039
211,2145,5,4,3,2008,Rural,1,46.62,280491
212,1705,4,3,1,2005,Rural,1,42.92,625885
213,3530,6,3,2,1997,Rural,1,8.61,297808
214,3372,6,4,2,1976,Suburban,1,21.89,900986
215,3572,2,4,3,2002,Suburban,1,23.25,807842
216,2354,1,4,2,2022,Urban,0,39.48,841619
217,4521,5,2,1,1984,Suburban,0,30.18,798271
218,3208,4,4,3,2000,Urban,1,32.75,830417
219,4002,6,1,3,1986,Rural,1,49.91,738412
220,1832,4,3,1,2006,Rural,1,3.84,190635
221,701,2,2,3,1957,Suburban,1,11.23,742682
222,4007,5,4,2,1969,Rural,1,20.45,756605
223,4712,6,2,2,2002,Rural,0,17.45,877946
224,1074,4,4,1,1961,Suburban,0,1.18,320752
225,1036,1,2,2,1998,Urban,1,4.68,897759
226,2125,2,3,1,1966,Suburban,0,34.08,752585
227,2622,5,3,1,2013,Urban,1,43.98,507210
228,885,2,1,2,1991,Suburban,1,25.76,292773
229,3781,1,1,1,1978,Suburban,1,27.01,319365
230,974,5,4,2,1968,Rural,0,12.83,874938
231,917,2,3,3,1960,Suburban,0,38.42,847400
232,4100,3,2,3,1999,Suburban,1,37.61,429821
233,1454,1,2,1,2020,Urban,0,29.46,253678
234,1705,1,2,2,2007,Rural,0,10.71,461153
235,4620,1,1,2,1983,Urban,1,4.94,495651
236,2490,3,2,3,1969,Urban,0,3.31,220580
237,4072,3,1,3,1999,Rural,0,29.68,826064
238,4880,4,1,2,1959,Rural,1,41.27,559911
239,4658,6,4,1,1981,Rural,1,42.93,212903
240,3213,2,2,3,2001,Suburban,0,23.23,476149
241,2703,4,2,1,1964,Rural,1,39.24,480523
242,3620,2,3,1,1952,Rural,0,47.35,743700
243,1466,6,4,3,1986,Rural,1,13.83,142951
244,3932,3,3,1,1989,Urban,1,19.96,934738
245,1188,6,4,1,2021,Urban,1,46.58,345745
246,4743,3,2,2,1989,Suburban,1,16.98,771316
247,4201,6,1,1,2005,Urban,0,45.7,112178
248,841,4,1,2,1972,Suburban,1,49.05,256383
249,2224,5,1,3,1960,Urban,1,33.12,199826
250,4922,4,1,3,2013,Rural,1,40.86,109893
251,2292,2,1,2,1957,Urban,0,37.5,388943
252,2259,4,3,3,2005,Suburban,0,35.01,553223
253,3712,1,4,1,2009,Urban,1,15.42,874799
254,1489,2,2,1,1959,Rural,1,2.95,315345
255,2762,6,3,1,1988,Suburban,1,17.22,960243
256,2982,2,4,3,1977,Rural,1,33.38,315375
257,1451,5,1,1,1998,Rural,1,5.22,296682
258,1222,3,4,3,1985,Suburban,1,0.69,278886
259,3889,6,4,1,1962,Rural,0,7.07,475711
260,2579,2,1,2,1985,Rural,1,35.82,454384
261,3217,6,1,3,1975,Urban,1,48.64,465840
262,2832,6,1,3,1953,Rural,1,49.15,181707
263,3876,6,2,1,2013,Rural,1,24.75,574252
264,2000,3,1,3,1987,Rural,1,43.48,461001
265,785,4,2,3,1971,Rural,1,36.87,790406
266,3995,6,1,2,1951,Suburban,0,25.1,778157
267,2565,1,2,2,1980,Urban,0,28.68,780150
268,1268,5,4,1,1960,Rural,0,6.95,772288
269,3557,3,3,2,1995,Rural,0,46.89,52336
270,4789,2,4,1,2011,Suburban,0,17.66,903907
271,2661,3,4,1,2018,Rural,0,22.36,460628
272,3793,2,1,1,2013,Suburban,1,33.62,122212
273,1446,3,2,3,1959,Urban,1,16.76,901811
274,3835,2,3,2,1989,Urban,1,12.79,85591
275,4650,6,1,1,1973,Rural,1,31.59,888182
276,1981,4,1,2,1993,Rural,1,1.35,917080
277,2401,2,1,1,2009,Rural,1,36.06,922566
278,3951,2,4,2,2011,Suburban,0,25.75,468670
279,4564,1,2,2,1966,Rural,1,30.33,662825
280,554,2,2,1,2014,Rural,0,31.63,889104
281,2323,1,3,3,2006,Urban,0,26.4,329372
282,3962,5,2,2,2004,Rural,1,29.17,54429
283,3579,6,2,3,2002,Urban,1,34.22,124294
284,1332,1,1,3,2005,Rural,1,37.68,417721
285,4908,4,1,1,1958,Urban,1,36.4,224087
286,3306,6,4,1,1971,Rural,1,43.49,914506
287,2990,1,1,1,1962,Urban,1,9.55,371080
288,827,6,1,2,1997,Suburban,1,20.12,251979
289,3810,6,1,1,1967,Urban,0,47.4,883810
290,3800,6,1,1,1989,Urban,1,19.89,77310
291,4175,5,4,2,1966,Urban,1,6.33,666115
292,3554,4,1,2,1964,Rural,0,26.32,239899
293,2643,3,3,1,1964,Rural,1,5.56,468472
294,1811,3,3,1,2012,Rural,1,10.22,247500
295,3691,1,3,1,1988,Suburban,0,49.92,139862
296,3038,6,3,1,1962,Suburban,1,27.11,341033
297,4483,1,1,3,1981,Urban,1,14.27,353572
298,664,5,3,3,1958,Suburban,1,49.74,412646
299,4777,5,1,1,1989,Urban,1,48.33,470423
300,1322,2,4,3,1969,Urban,1,22.09,614543
301,1443,5,3,2,2022,Urban,1,13.09,407968
302,4925,2,2,3,2012,Suburban,0,41.94,262603
303,1274,4,3,3,1993,Rural,1,35.81,831841
304,2698,1,3,1,1987,Suburban,1,34.38,82438
305,3656,4,1,3,2009,Urban,0,44.67,281482
306,4742,5,3,3,2020,Urban,0,34.5,805598
307,4195,4,2,3,1997,Suburban,1,14.26,825372
308,3952,4,1,3,1967,Urban,0,34.72,834301
309,1414,4,1,2,1965,Urban,1,15.36,534476
310,1808,5,4,1,2004,Suburban,1,37.99,752222
311,4677,6,4,1,1988,Suburban,0,31.03,521153
312,1013,4,3,2,2017,Suburban,1,3.96,852390
313,2420,2,4,3,2008,Urban,1,25.69,247374
314,4094,5,4,2,2011,Urban,0,17.23,977272
315,1909,4,4,3,1962,Rural,0,16.5,791690
316,3690,6,1,2,1955,Rural,0,30.15,721505
317,4991,5,1,1,2009,Suburban,0,16.18,377766
318,2055,3,1,1,1963,Rural,1,38.87,541955
319,1304,6,4,1,2003,Urban,0,3.63,590730
320,1779,2,1,3,1953,Rural,0,33.05,121948
321,4077,4,4,3,1988,Urban,0,40.48,294657
322,3401,3,1,2,2021,Suburban,0,33.67,327740
323,1887,3,1,2,1974,Suburban,0,24.91,640079
324,3261,5,2,1,1981,Urban,1,47.52,606694
325,3179,3,3,3,2008,Rural,0,15.07,80524
326,2606,2,4,2,2012,Suburban,1,1.06,194404
327,4723,2,2,3,1987,Suburban,0,21.66,150160
328,3268,1,1,3,2002,Rural,0,1.75,186836
329,4453,2,4,1,2016,Rural,0,47.7,722923
330,3686,6,1,1,1977,Urban,0,10.57,520891
331,3780,3,3,3,1952,Rural,0,39.47,207442
332,3073,2,2,3,1971,Rural,0,38.75,831494
333,3099,5,3,3,1987,Rural,0,10.96,608933
334,4533,1,2,3,2021,Urban,0,31.1,424903
335,736,3,1,1,2021,Urban,1,2.5,309388
336,1804,1,3,2,2011,Suburban,0,24.23,963876
337,3930,3,3,1,2006,Urban,1,0.83,800769
338,1801,5,1,2,1955,Suburban,0,46.07,821608
339,3041,1,3,3,1981,Rural,1,48.81,125501
340,2551,4,4,2,1959,Suburban,0,11.19,157450
341,941,6,2,1,1952,Suburban,0,10.48,759831
342,2576,6,2,1,2008,Rural,0,37.71,805893
343,3680,3,2,3,1998,Suburban,1,12.74,319100
344,3157,4,4,1,2008,Urban,1,44.76,997977
345,4298,1,2,3,1980,Urban,1,28.74,971398
346,1304,4,1,1,2018,Urban,1,17.6,532134
347,574,4,3,1,2011,Urban,0,41.65,240658
348,2675,1,4,3,2001,Suburban,0,24.72,580997
349,4424,5,2,2,1990,Suburban,0,45.59,776618
350,2589,4,1,1,1980,Rural,1,46.41,420572
351,540,4,3,2,1971,Suburban,0,8.35,317354
352,2581,5,3,1,1953,Suburban,1,0.22,928513
353,2122,4,4,1,1962,Suburban,1,49.2,209746
354,841,4,4,1,1994,Rural,1,45.32,558467
355,4552,4,4,1,1991,Urban,1,2.87,140025
356,2574,6,1,2,1998,Suburban,1,41.67,450949
357,1145,2,1,2,1969,Rural,0,22.94,191152
358,4763,5,4,1,2003,Rural,1,13.02,535416
359,1109,4,2,1,1985,Rural,1,43.95,224484
360,954,6,3,2,1950,Urban,0,9.91,950908
361,3453,5,3,3,1964,Suburban,1,47.37,230043
362,2208,3,1,3,1966,Rural,1,10.36,997213
363,3972,3,3,2,1973,Urban,0,30.72,886278
364,3469,4,2,1,2007,Rural,0,11.23,105480
365,3528,6,3,1,2021,Rural,0,27.33,807128
366,3181,6,1,3,1972,Rural,1,34.23,355104
367,4129,5,1,3,1995,Rural,0,9.59,274622
368,4725,5,2,2,2021,Rural,0,26.09,474368
369,3567,6,2,3,1957,Urban,0,23.51,460466
370,1886,5,3,2,2008,Suburban,1,3.64,912197
371,4276,6,3,3,2008,Suburban,0,40.93,681553
372,3366,2,1,3,1962,Suburban,1,16.85,874569
373,3863,6,2,3,1988,Suburban,1,28.77,777371
374,4624,3,2,1,1977,Urban,0,25.79,158922
375,648,5,2,1,2010,Urban,1,25.71,556576
376,4350,6,3,1,1965,Urban,1,5.45,685568
377,2558,6,2,3,1951,Rural,0,21.23,479628
378,1636,5,1,2,1966,Rural,1,22.67,346020
379,686,2,1,2,1979,Rural,0,36.71,920979
380,3354,2,3,2,1962,Suburban,1,42.02,769024
381,1750,5,4,2,1962,Rural,1,27.29,876659
382,1833,1,3,1,1992,Suburban,0,4.43,727810
383,4693,5,4,1,1970,Rural,0,11.92,124433
384,4650,5,2,3,2004,Suburban,1,8.33,113704
385,3211,2,3,3,1989,Rural,1,6.32,571149
386,2285,2,1,2,1964,Rural,0,18.36,278366
387,1250,5,2,1,2022,Urban,1,11.55,364058
388,2262,5,1,2,2001,Rural,1,10.99,103888
389,4420,5,2,3,2002,Rural,1,2.83,905718
390,4960,2,3,3,2001,Urban,1,0.98,625581
391,981,5,4,2,1979,Suburban,0,5.23,253596
392,653,5,2,3,1982,Urban,0,8.69,108515
393,2024,4,4,2,2006,Urban,0,21.61,456740
394,2620,1,2,1,2001,Suburban,0,25.57,309209
395,2843,3,1,2,1958,Rural,0,7.12,733044
396,1740,1,1,1,2003,Suburban,0,21.3,653008
397,560,4,2,1,1950,Rural,1,17.15,204437
398,1438,3,4,3,1993,Rural,0,9.25,885308
399,2139,5,3,3,1958,Suburban,1,0.44,981208
400,4620,4,3,3,1981,Urban,1,23.4,228929
401,4726,5,1,2,1964,Suburban,1,34.31,176694
402,4069,2,3,2,1961,Rural,0,11.39,910229
403,1752,6,1,3,2006,Suburban,1,6.68,281540
404,4703,4,3,2,1957,Suburban,0,44.36,655429
405,671,2,2,3,2021,Rural,1,13.82,286476
406,1958,4,1,2,1976,Urban,1,11.26,404534
407,4049,4,1,1,2011,Suburban,0,42.87,399000
408,4697,2,2,1,1961,Rural,1,40.87,892633
409,2822,3,1,3,2014,Rural,1,22.47,465910
410,2136,1,3,2,1991,Suburban,1,24.51,916198
411,3615,5,3,2,2011,Urban,1,10.97,62995
412,4590,4,1,1,1960,Suburban,0,4.01,918752
413,3504,5,3,1,1992,Urban,1,28.71,644429
414,829,6,4,3,1966,Urban,1,5.01,703779
415,4140,2,1,1,1981,Urban,0,22.52,481168
416,4394,5,2,3,1989,Urban,1,47.03,729197
417,4607,2,4,1,1972,Suburban,1,47.65,110799
418,1841,5,1,1,2005,Rural,1,12.04,744237
419,4163,1,2,2,1955,Rural,1,31.24,539471
420,715,1,3,1,1999,Rural,0,23.76,872119
421,838,1,2,1,1986,Rural,1,43.8,795027
422,4562,1,4,3,2013,Rural,0,13.64,77276
423,3208,1,3,1,2003,Rural,1,0.28,598811
424,3652,1,1,3,2021,Suburban,1,8.21,237127
425,2250,2,3,1,1998,Urban,1,17.54,356759
426,2921,4,1,1,1960,Rural,0,15.85,529858
427,1209,5,1,3,1998,Suburban,1,39.59,543256
428,4226,1,2,2,1970,Rural,1,34.06,50514
429,4142,2,2,3,2015,Rural,0,15.05,87456
430,4493,2,2,3,2012,Urban,0,22.94,47233
431,988,2,4,3,1977,Urban,0,4.87,303246
432,546,4,4,2,1966,Urban,0,44.92,106133
433,3859,5,2,1,1955,Rural,1,46.78,873147
434,900,4,4,3,1968,Rural,1,48.99,518409
435,4490,3,3,3,2005,Rural,1,43.44,936977
436,3657,2,3,2,1977,Urban,1,8.78,668373
437,4845,3,4,3,2015,Suburban,0,2.41,673389
438,890,6,4,1,1987,Rural,1,29.02,439472
439,4353,1,3,2,1986,Rural,1,45.64,148684
440,4930,1,1,1,2017,Rural,1,8.95,366944
441,1128,4,3,1,1998,Suburban,1,0.45,562116
442,4732,5,3,2,1992,Rural,0,40.29,659225
443,3430,3,4,3,1985,Suburban,1,3.93,605836
444,2021,5,3,1,2007,Rural,1,20.74,249272
445,1326,4,4,1,1962,Suburban,1,33.98,475583
446,2000,1,4,1,2001,Rural,0,11.92,955277
447,3794,5,2,1,2007,Urban,0,4.29,678103
448,2919,5,3,2,1981,Urban,1,38.52,260994
449,1434,1,1,2,2009,Urban,1,31.55,167602
450,3542,3,2,1,2007,Urban,1,49.43,690558
451,4997,1,4,3,2005,Rural,0,17.28,952752
452,1966,5,4,1,1977,Urban,1,3.18,983709
453,4061,3,1,3,1950,Suburban,1,36.74,852002
454,1114,3,4,1,1991,Urban,1,26.13,463471
455,1682,1,3,3,1997,Urban,0,10.74,585470
456,3723,5,2,1,1989,Urban,1,39.11,341517
457,3167,4,4,3,2012,Rural,1,10.27,345163
458,630,5,4,1,2021,Urban,0,13.11,233691
459,3483,2,1,1,1953,Suburban,0,4.72,318187
460,4778,6,3,3,1987,Urban,1,20.03,478748
461,4959,4,4,2,1976,Urban,0,21.0,272362
462,538,3,1,3,1958,Urban,1,25.78,237008
463,4459,4,4,2,1965,Suburban,0,35.48,321383
464,4087,3,1,1,2005,Urban,0,45.31,181488
465,1420,3,1,3,1980,Suburban,1,6.97,698772
466,3269,4,3,3,1963,Suburban,1,2.81,908408
467,4611,3,4,3,1974,Urban,1,1.02,588694
468,992,3,3,2,1983,Suburban,0,7.27,304019
469,1631,2,1,2,2016,Rural,1,32.93,552447
470,4021,5,2,1,1973,Urban,1,36.4,994570
471,810,5,4,2,2022,Urban,1,39.35,535288
472,1238,6,2,2,1975,Suburban,1,12.26,438968
473,3741,6,4,1,1969,Suburban,1,15.36,519969
474,1045,2,3,3,2013,Urban,0,24.21,249097
475,2961,6,3,3,1959,Rural,1,3.25,434569
476,4846,4,3,1,2016,Suburban,1,30.6,722346
477,2304,1,3,3,1973,Suburban,0,49.19,841123
478,3712,1,3,2,1954,Rural,1,18.1,240919
479,4310,1,2,1,2016,Rural,1,37.67,874507
480,1313,2,3,1,2007,Urban,1,25.05,50794
481,4624,2,1,1,1976,Rural,1,6.48,239542
482,2532,3,1,3,1964,Urban,1,29.15,711766
483,4913,1,2,1,1984,Rural,0,15.06,378074
484,744,4,4,1,2002,Suburban,0,1.82,811257
485,771,6,1,1,1993,Urban,0,31.78,984376
486,4011,4,4,3,1975,Urban,1,42.96,81708
487,2271,6,2,2,1996,Urban,0,17.3,941924
488,1762,1,4,1,1983,Rural,1,19.58,933061
489,2924,1,4,2,1999,Suburban,1,44.56,978304
490,4861,1,4,3,1961,Urban,1,40.7,214469
491,1420,2,4,3,1953,Urban,0,35.78,687601
492,3930,6,2,3,1997,Urban,0,12.51,995413
493,4935,2,1,3,2004,Urban,0,45.52,847784
494,4984,2,3,2,1950,Suburban,1,7.81,928407
495,3124,5,4,1,2015,Rural,0,31.38,395992
496,4260,4,1,3,1979,Suburban,1,1.54,800956
497,2550,4,1,3,1952,Urban,0,32.22,448654
498,4000,3,2,2,1970,Suburban,0,13.93,871431
499,1665,2,1,2,1998,Urban,1,22.54,582770
500,875,6,2,3,2011,Rural,1,17.33,203543
501,2533,5,4,1,1987,Rural,0,8.72,873711
502,645,5,4,1,1964,Rural,0,31.14,411557
503,4888,4,3,3,2001,Urban,0,44.11,539964
504,931,2,3,2,1995,Suburban,1,47.96,94213
505,1204,3,3,3,1974,Rural,1,9.7,940341
506,3132,2,1,3,1970,Urban,0,35.9,839458
507,4994,1,4,2,1954,Urban,0,33.25,278697
508,1463,2,2,3,2019,Suburban,1,17.23,387328
509,2734,1,3,3,1996,Rural,0,1.05,45435
510,2541,1,2,3,2017,Urban,1,34.52,179565
511,2328,3,2,2,1967,Suburban,1,47.28,243299
512,2608,6,3,1,1970,Rural,1,31.64,885753
513,4568,4,4,1,1972,Suburban,1,21.82,960267
514,1438,2,3,2,2013,Suburban,1,26.31,322533
515,1306,1,2,1,2016,Urban,1,10.06,71498
516,1963,2,3,3,1989,Urban,0,37.55,890187
517,3915,6,2,1,1959,Urban,1,37.35,927977
518,510,4,2,3,2001,Suburban,1,7.36,600113
519,2368,6,3,1,2021,Urban,0,43.91,319078
520,1384,4,1,2,2010,Suburban,1,13.53,569862
521,4064,5,3,1,2013,Suburban,0,49.11,694986
522,1889,4,1,1,1954,Urban,1,19.21,733539
523,3901,3,2,1,2002,Rural,0,8.98,959091
524,4821,6,2,2,2004,Rural,0,17.65,82782
525,1324,1,1,1,1986,Rural,1,22.06,487628
526,2765,5,2,2,2005,Suburban,1,3.56,100561
527,1436,3,1,3,2008,Suburban,1,28.95,510440
528,3300,2,1,1,2018,Suburban,1,29.92,961913
529,3053,6,2,2,2022,Urban,0,36.97,953591
530,4345,1,4,2,2008,Suburban,0,1.56,504535
531,2296,4,1,1,1951,Urban,0,27.11,532232
532,553,1,3,3,2014,Urban,1,2.74,591039
533,1226,2,3,2,2009,Rural,0,35.09,340318
534,3236,5,2,1,2000,Rural,1,2.88,949110
535,3670,5,4,3,1979,Rural,1,45.6,96572
536,2413,6,2,2,1960,Urban,0,35.13,887848
537,2096,5,4,2,1988,Urban,1,25.42,445257
538,2414,6,1,3,2021,Urban,0,22.13,456443
539,2966,6,1,3,2012,Suburban,1,6.62,861633
540,3237,6,1,1,2013,Urban,0,14.62,76069
541,1349,4,1,1,2010,Rural,1,43.46,777550
542,2609,3,3,2,2003,Rural,0,45.23,852802
543,502,6,3,3,2022,Urban,0,0.14,790378
544,4755,6,2,3,2007,Urban,1,29.75,951774
545,4569,3,4,3,2005,Rural,1,35.99,822533
546,1392,1,1,2,1983,Urban,0,30.98,969090
547,2530,6,1,3,1980,Rural,1,4.18,745591
548,3660,4,4,3,2001,Suburban,1,10.96,427902
549,2876,5,4,2,1950,Rural,1,12.59,962826
550,2433,5,2,1,2004,Suburban,0,41.6,891726
551,1880,2,4,1,1971,Urban,0,23.21,643756
552,4181,2,1,2,1989,Urban,1,24.39,724659
553,1790,5,1,3,1950,Suburban,1,46.75,130715
554,2140,5,1,2,2014,Urban,0,31.89,110793
555,3182,4,1,1,2012,Suburban,1,44.94,479717
556,1487,3,1,1,2003,Urban,0,22.88,752494
557,1718,2,2,2,1991,Rural,1,7.56,675960
558,1855,3,1,2,1970,Urban,1,46.5,442993
559,4765,4,2,1,1971,Rural,1,22.99,182321
560,4635,5,1,2,1987,Rural,0,9.16,685190
561,2060,6,3,1,1957,Suburban,0,15.19,61390
562,1918,3,3,2,2011,Urban,0,2.64,60369
563,1454,5,3,2,1996,Suburban,0,23.47,183953
564,1483,5,3,2,1966,Urban,1,42.67,311731
565,1474,1,2,1,1966,Rural,1,46.69,264872
566,4633,3,2,2,1962,Rural,0,46.64,507543
567,4472,6,4,1,1966,Urban,1,6.35,933441
568,1413,3,1,1,1987,Urban,1,19.16,521127
569,536,5,3,2,1994,Suburban,0,1.51,521363
570,3887,6,2,2,1955,Urban,1,42.77,802922
571,2211,4,1,1,1984,Urban,1,18.0,965337
572,3520,1,1,1,1963,Urban,0,31.59,550790
573,1295,5,2,3,2021,Suburban,1,35.77,87013
574,4536,2,3,1,2010,Urban,1,21.55,681629
575,3611,2,4,3,1964,Rural,1,15.39,954217
576,1824,1,1,3,2003,Suburban,0,48.11,758980
577,817,4,4,3,1976,Suburban,0,48.23,186826
578,2896,5,3,2,1962,Rural,1,14.54,671872
579,2662,3,3,2,1980,Rural,1,24.03,118113
580,3245,1,4,1,1984,Rural,1,48.64,529847
581,2091,4,3,3,2009,Urban,0,0.34,913216
582,3611,3,1,2,1955,Rural,0,20.69,75282
583,4430,2,4,2,2018,Urban,0,5.11,207809
584,2496,2,3,2,2007,Suburban,1,25.51,551188
585,1812,3,4,2,1998,Suburban,1,1.33,530643
586,1785,1,1,2,1972,Rural,1,20.4,326268
587,4811,2,3,3,1983,Urban,1,11.11,896534
588,2883,5,1,3,1975,Rural,1,26.71,435412
589,3739,6,3,3,1996,Rural,0,49.8,887959
590,2639,3,2,3,1954,Urban,1,40.05,432515
591,2204,3,3,1,1969,Rural,1,42.3,957374
592,862,2,4,3,1955,Suburban,1,31.8,136651
593,3104,1,3,2,2019,Rural,0,2.17,286549
594,2216,5,1,3,2008,Urban,1,10.42,125395
595,4951,1,1,1,2013,Urban,0,46.26,575633
596,4786,4,3,2,1967,Suburban,0,18.37,950976
597,4238,4,4,3,1953,Urban,0,5.27,860509
598,2969,6,2,3,1966,Urban,0,35.15,432573
599,1056,2,4,3,1963,Suburban,0,15.04,761760
600,1325,2,2,2,1962,Rural,1,13.52,576343
601,3308,2,1,2,1956,Suburban,1,49.9,405837
602,3219,6,4,1,1993,Rural,0,42.92,125283
603,4008,4,2,2,1964,Suburban,0,20.46,84484
604,4241,1,3,2,1968,Rural,0,49.02,641802
605,2074,6,1,3,2012,Suburban,1,32.54,130135
606,4498,6,3,2,1984,Rural,1,37.13,337915
607,2629,1,1,3,1984,Suburban,0,1.67,545694
608,2903,2,4,3,1968,Rural,1,6.17,228726
609,3829,5,4,2,1969,Suburban,1,31.69,479756
610,1088,1,1,1,1984,Urban,0,44.96,254223
611,2512,4,1,1,1981,Rural,0,31.22,936716
612,2047,3,1,2,1997,Suburban,1,6.79,157399
613,794,3,4,1,1993,Rural,1,5.88,931317
614,2485,6,2,3,1973,Rural,1,42.22,555609
615,3617,3,3,3,2010,Suburban,0,7.05,986881
616,2190,5,3,2,1966,Rural,0,26.06,220645
617,1636,2,4,1,2020,Suburban,0,1.95,738093
618,2564,4,3,1,1999,Urban,1,4.13,169344
619,4955,5,1,3,2014,Rural,1,33.65,182832
620,1507,4,2,2,1981,Urban,0,34.49,677514
621,3014,4,3,1,1985,Rural,1,17.14,663538
622,4026,2,2,2,1962,Rural,0,10.86,327906
623,1747,6,1,1,2019,Rural,1,40.7,222058
624,4402,3,3,3,2007,Suburban,0,10.93,729692
625,1935,2,4,3,1963,Urban,1,27.15,211172
626,1071,5,2,2,1986,Rural,1,48.41,176016
627,2882,6,1,3,2017,Suburban,0,7.48,88825
628,1745,5,2,1,1989,Rural,0,47.05,53877
629,2584,6,3,3,2008,Suburban,0,9.23,463206
630,777,5,3,2,1965,Rural,0,28.42,169065
631,2387,2,4,2,2011,Urban,0,18.91,672731
632,1765,6,1,2,1953,Urban,1,48.25,401756
633,1540,6,1,1,1994,Rural,0,13.75,157674
634,1417,4,4,1,1977,Suburban,0,20.04,155074
635,1385,4,4,1,2015,Rural,0,49.14,557257
636,3252,1,1,1,1980,Suburban,0,26.87,436474
637,521,5,2,1,1952,Rural,0,25.18,291881
638,3691,4,2,3,1957,Suburban,1,12.96,71629
639,2853,1,4,1,1973,Urban,0,35.1,995083
640,1186,4,2,1,1964,Rural,0,0.82,194030
641,784,5,1,3,1992,Urban,0,2.57,472681
642,4247,6,3,1,1980,Urban,1,30.01,842207
643,1262,3,3,2,2022,Rural,1,17.15,509791
644,2928,5,2,1,1994,Rural,0,47.67,527849
645,3007,2,4,1,2015,Suburban,0,45.17,729567
646,528,4,4,2,1957,Suburban,1,35.71,455769
647,1406,4,4,2,2020,Urban,1,40.93,302199
648,3604,6,4,2,2006,Suburban,1,33.4,813372
649,4499,2,4,2,1979,Suburban,0,6.37,128697
650,3494,6,2,1,1967,Rural,0,38.3,728233
651,3006,2,3,2,2018,Suburban,1,10.59,141505
652,4109,3,3,2,1988,Urban,0,16.24,382864
653,4053,4,2,3,2009,Suburban,1,40.98,761565
654,1953,4,4,2,1992,Urban,1,26.87,904631
655,3856,3,2,2,1994,Rural,1,43.01,196390
656,1015,1,3,3,1972,Urban,0,10.73,73734
657,538,6,1,3,2018,Suburban,1,30.43,253299
658,3842,3,2,1,1955,Rural,1,4.28,713882
659,1386,6,4,3,2005,Suburban,0,32.19,182728
660,3344,5,3,1,1953,Rural,1,38.15,711253
661,2704,4,3,3,1972,Rural,0,29.29,544609
662,1598,6,3,3,1955,Suburban,1,13.38,842925
663,2323,2,3,1,1981,Suburban,0,1.66,436848
664,3701,6,4,3,1967,Rural,1,6.06,660160
665,3655,5,1,1,1964,Rural,1,31.15,363923
666,3593,4,3,3,1989,Suburban,1,46.73,733812
667,4030,3,2,2,2022,Urban,1,10.41,708626
668,4278,5,1,3,1955,Suburban,1,36.78,423331
669,3396,4,3,1,2012,Rural,0,43.34,156603
670,3953,6,1,3,2016,Suburban,0,26.09,888039
671,4011,1,2,1,1960,Urban,1,33.5,581228
672,1488,1,3,1,1992,Suburban,1,40.77,719363
673,4616,2,2,2,1966,Rural,1,13.11,692168
674,4526,4,4,2,1953,Suburban,0,14.92,662696
675,4679,1,3,1,2012,Rural,0,0.13,861247
676,2182,3,3,3,2017,Rural,1,48.16,726229
677,4463,4,3,1,1990,Suburban,0,45.89,89297
678,1433,3,3,1,1954,Rural,1,38.25,100107
679,4098,3,4,3,1981,Rural,1,4.05,384937
680,3733,1,3,3,2019,Urban,1,22.43,449898
681,2480,4,1,3,1984,Urban,0,5.18,583910
682,2355,6,3,3,1971,Urban,1,0.89,332552
683,3556,5,4,1,2014,Urban,1,30.85,704197
684,1292,1,3,1,1971,Rural,1,48.05,186479
685,1291,1,1,2,1960,Suburban,0,45.15,200381
686,2309,6,4,1,1952,Rural,0,34.87,133190
687,2755,4,4,3,1958,Rural,0,4.92,452111
688,4110,4,1,2,2009,Rural,1,13.78,816644
689,2107,3,1,3,1963,Suburban,0,16.07,257984
690,1484,6,1,1,1967,Urban,1,38.18,564658
691,4176,6,1,2,2022,Rural,0,40.13,416356
692,3880,4,1,3,1972,Rural,1,19.32,826918
693,1019,3,4,2,1996,Urban,0,20.95,850194
694,1090,1,4,2,2018,Rural,1,2.32,590901
695,1550,2,3,1,1996,Suburban,0,14.53,808164
696,4133,5,3,3,1979,Rural,0,22.62,43196
697,4944,1,2,2,1974,Rural,0,5.94,541072
698,1459,4,3,2,1977,Urban,1,22.72,552191
699,1192,5,3,3,1974,Rural,0,42.67,266009
700,4399,2,1,2,2007,Rural,0,29.11,926997
701,4973,2,1,2,1990,Suburban,0,4.04,902781
702,3446,3,3,2,1974,Urban,0,9.66,891271
703,1026,5,2,3,1997,Urban,1,23.78,475132
704,3724,3,1,3,1959,Suburban,0,18.14,572860
705,2753,1,3,3,1960,Rural,1,18.0,546528
706,3844,6,3,3,1970,Urban,1,26.51,461441
707,4465,6,4,1,1994,Urban,1,29.26,610141
708,2375,6,2,2,1956,Rural,1,39.86,727635
709,2263,5,4,3,2013,Rural,0,17.11,898811
710,1020,6,2,2,2013,Urban,1,40.29,958609
711,1516,1,1,2,1951,Rural,1,17.0,156074
712,616,3,2,1,1991,Urban,1,2.87,493112
713,2933,5,3,3,2003,Rural,1,27.75,607497
714,1083,3,3,3,1965,Rural,0,29.44,530391
715,894,5,2,2,1967,Suburban,0,46.73,999991
716,4288,3,2,3,2008,Rural,1,36.33,451267
717,3268,2,2,2,1965,Suburban,1,45.9,658532
718,4667,3,4,2,1955,Rural,1,45.43,796355
719,4360,6,2,1,2006,Urban,0,30.27,293516
720,773,2,1,1,1996,Urban,0,26.44,772760
721,2513,3,4,1,1997,Rural,0,27.92,664588
722,4933,5,4,2,1991,Rural,0,48.92,762321
723,1889,5,2,3,2009,Urban,0,38.68,493372
724,4066,5,1,1,1953,Rural,1,5.4,416826
725,665,4,4,3,1951,Suburban,0,38.94,97175
726,2067,1,3,1,2008,Suburban,0,8.61,964353
727,1228,5,4,1,1976,Suburban,1,22.42,141551
728,2543,2,2,2,1976,Suburban,0,10.6,845408
729,4697,5,1,1,2021,Suburban,0,34.51,432761
730,3996,4,2,1,1956,Rural,0,43.88,926226
731,1278,6,3,2,2012,Rural,1,14.59,811272
732,713,2,3,3,1995,Suburban,0,4.19,550491
733,4262,4,3,1,2012,Rural,1,14.99,621154
734,2076,6,2,2,1961,Rural,1,33.65,157752
735,2948,2,4,1,1962,Suburban,0,16.51,873510
736,3436,3,2,2,1992,Rural,0,13.98,293564
737,3617,1,1,3,1966,Rural,0,9.3,333257
738,1091,1,4,3,2012,Rural,0,24.93,810880
739,3220,4,3,2,1985,Suburban,1,13.87,579689
740,1213,6,2,2,1957,Rural,0,36.58,970388
741,1435,1,3,2,2018,Urban,1,3.92,255432
742,4837,6,3,3,1985,Urban,1,33.24,470779
743,501,6,1,1,1977,Suburban,1,11.95,205486
744,3348,4,4,3,1996,Urban,1,24.52,711502
745,4544,4,1,2,1979,Suburban,1,14.38,810488
746,2449,4,1,2,1972,Urban,0,36.17,373636
747,1417,1,1,3,1965,Urban,1,47.27,250536
748,3674,4,3,2,1963,Urban,1,45.86,770617
749,2741,1,1,3,2020,Suburban,0,29.21,116693
750,589,4,1,2,2001,Suburban,0,23.18,75135
751,2209,5,4,1,1986,Rural,1,40.93,505448
752,2669,6,4,1,1978,Suburban,1,34.2,854294
753,4738,4,1,2,2016,Urban,0,9.26,176262
754,3541,2,4,3,1964,Urban,1,41.06,634487
755,605,6,4,1,1996,Suburban,0,21.5,931798
756,1386,6,1,3,1995,Suburban,0,9.53,44331
757,927,4,3,2,2001,Suburban,1,14.16,557400
758,2395,3,1,3,1968,Rural,0,13.45,223258
759,816,4,4,1,1970,Urban,1,26.01,871080
760,1134,6,3,3,2013,Rural,1,11.8,330693
761,2425,2,2,3,1986,Rural,1,6.27,252854
762,2556,6,3,2,1976,Urban,0,6.27,590049
763,3644,2,4,2,2004,Urban,1,29.21,829694
764,2770,1,3,2,1978,Suburban,0,36.76,544840
765,1939,5,1,1,1969,Suburban,1,16.14,899004
766,1052,6,2,1,1974,Rural,1,1.83,820080
767,1215,4,2,2,2019,Suburban,0,6.45,224544
768,4411,1,2,2,2012,Suburban,1,45.74,390002
769,2213,5,4,1,1985,Urban,1,24.73,124667
770,3889,4,4,1,1951,Urban,0,22.73,44677
771,1607,3,2,1,1971,Suburban,0,2.0,244580
772,4706,4,3,1,1965,Urban,0,36.46,170334
773,750,2,2,2,1967,Suburban,1,26.45,514081
774,2930,2,3,1,2018,Urban,0,10.18,535784
775,2554,3,3,2,2003,Urban,0,5.59,403581
776,958,1,4,3,1979,Urban,1,19.23,451811
777,707,5,3,3,1994,Urban,0,41.87,520675
778,1399,4,2,1,1968,Suburban,1,43.28,624436
779,3961,2,4,3,1983,Rural,1,30.18,873358
780,3885,1,1,3,1962,Urban,0,36.4,639559
781,521,3,1,3,1992,Suburban,1,5.85,598745
782,909,6,4,1,2011,Suburban,0,29.45,606819
783,1394,2,2,1,1971,Urban,0,33.38,244335
784,1014,3,1,3,2001,Rural,0,10.12,506516
785,4609,4,1,2,2001,Urban,0,44.02,692315
786,2634,5,3,3,1985,Suburban,1,9.83,234243
787,4095,2,3,1,2022,Rural,1,15.74,552445
788,3456,2,2,1,1968,Suburban,0,31.07,297231
789,2060,4,4,1,1987,Urban,0,31.95,813589
790,1766,6,2,3,2019,Rural,1,35.0,610059
791,2669,1,4,2,2006,Suburban,0,5.69,657423
792,4138,5,1,1,1969,Suburban,1,42.49,630642
793,1249,2,3,1,1958,Suburban,0,26.69,677031
794,3927,5,2,3,1981,Urban,1,23.62,808741
795,2427,2,2,2,1953,Rural,1,49.06,994793
796,4304,5,4,3,1999,Urban,1,37.04,598180
797,4202,3,4,1,1954,Urban,0,5.99,242268
798,2856,2,2,2,1969,Urban,0,37.85,956094
799,2835,5,4,2,1986,Rural,0,4.85,135057
800,806,1,2,1,1971,Urban,0,1.47,78409
801,4165,3,2,2,2007,Urban,0,20.24,286889
802,2489,3,2,2,2017,Urban,1,49.68,467686
803,1161,1,1,3,1993,Urban,1,8.83,189457
804,811,5,4,1,1983,Suburban,1,33.66,456512
805,3420,4,3,1,1991,Urban,1,8.75,944998
806,1582,1,3,1,1958,Suburban,1,36.27,363860
807,3471,5,4,1,1956,Urban,1,25.32,915584
808,1254,1,2,1,2017,Rural,1,34.03,66382
809,4630,1,3,2,1968,Suburban,0,10.22,116675
810,852,2,3,3,1980,Suburban,1,37.31,586707
811,1402,5,4,1,1984,Suburban,0,49.78,121238
812,4388,4,3,3,2006,Suburban,1,33.32,265825
813,658,2,2,3,2010,Rural,1,24.72,734651
814,2477,1,4,2,1980,Urban,0,46.17,314541
815,1456,6,2,1,2002,Suburban,1,0.89,360032
816,2571,1,3,2,1981,Rural,0,36.52,75169
817,903,1,3,1,2015,Suburban,1,44.45,626470
818,3279,5,2,2,2008,Urban,0,3.18,918908
819,1887,5,1,3,1959,Suburban,1,22.56,868681
820,3953,2,3,1,1951,Rural,0,10.32,199413
821,1455,4,1,3,2015,Urban,0,28.37,902035
822,2212,2,3,3,2009,Rural,1,32.51,217216
823,1773,3,1,2,1966,Urban,1,15.2,494988
824,4311,1,1,1,1965,Urban,0,23.05,119360
825,3125,6,1,3,1965,Urban,1,14.04,577732
826,2882,1,2,2,1995,Suburban,0,18.53,478863
827,1941,1,1,1,1988,Rural,1,8.06,163662
828,3479,2,1,1,1980,Rural,0,44.29,809776
829,2297,6,1,3,1950,Rural,1,0.6,138843
830,4890,6,3,1,1960,Urban,0,44.13,837406
831,4509,6,1,3,1953,Suburban,1,28.63,676438
832,1894,2,3,1,2020,Urban,0,16.65,471599
833,4781,1,1,2,1975,Rural,0,36.18,820908
834,1769,2,1,3,1999,Suburban,1,25.44,659114
835,4214,5,2,3,1961,Suburban,1,25.01,514768
836,1029,5,3,1,2014,Suburban,0,5.6,924080
837,4123,2,1,1,1996,Rural,0,19.54,265121
838,3458,6,3,3,2002,Suburban,0,12.13,960460
839,3414,1,3,1,2020,Suburban,0,0.88,965581
840,4091,2,4,2,1951,Urban,1,18.07,862922
841,2647,2,2,1,1973,Urban,0,4.58,805723
842,3869,2,2,2,1953,Suburban,0,12.92,689001
843,1439,3,2,2,1968,Suburban,0,4.72,95612
844,1025,5,4,2,1975,Urban,1,5.14,664762
845,501,6,4,2,1989,Urban,0,10.03,338303
846,874,4,2,2,1999,Urban,1,49.99,603998
847,2840,6,4,1,1992,Rural,1,0.21,971310
848,4505,4,4,2,2016,Rural,1,31.97,677384
849,3552,3,4,1,1961,Urban,1,7.15,249417
850,2865,2,2,2,2016,Suburban,1,46.04,251463
851,2025,3,2,3,1976,Urban,1,4.77,933844
852,4976,3,2,2,2003,Rural,1,47.76,659212
853,2146,1,4,3,2015,Suburban,0,30.59,308602
854,513,5,2,2,1998,Rural,0,0.16,957425
855,2778,4,4,2,1965,Suburban,1,44.71,337668
856,3655,2,1,2,1951,Rural,0,26.13,702213
857,629,4,4,3,2009,Suburban,0,13.21,342621
858,4314,6,3,3,2003,Suburban,1,38.39,334366
859,3716,4,2,2,1979,Suburban,0,46.34,582608
860,3438,6,2,1,1987,Suburban,1,24.24,134154
861,4428,5,3,2,1977,Rural,0,15.85,616531
862,2540,6,4,3,1974,Rural,1,39.47,740975
863,527,4,1,2,1959,Suburban,1,34.12,450568
864,2613,4,3,3,2009,Suburban,0,44.45,637121
865,1752,6,3,3,1991,Rural,0,34.66,133476
866,4856,3,4,3,1989,Suburban,1,12.25,154560
867,2546,5,2,2,1991,Suburban,1,46.59,960707
868,4523,1,4,3,1996,Suburban,1,5.33,341411
869,4896,2,3,3,1986,Urban,0,13.47,602229
870,3874,4,3,2,1971,Suburban,0,26.06,909241
871,3966,2,2,3,2006,Urban,0,28.33,589656
872,3581,1,2,2,1976,Suburban,0,0.86,903618
873,4278,2,2,3,1990,Rural,1,39.05,333128
874,1129,1,4,1,1983,Urban,1,18.14,475157
875,769,6,2,1,1981,Urban,1,20.38,243990
876,3139,3,3,3,2015,Suburban,1,40.49,485899
877,2493,4,3,1,1961,Suburban,0,19.03,297481
878,3391,1,1,2,1989,Urban,1,2.46,40801
879,3932,2,4,1,2022,Rural,1,8.9,670826
880,1780,4,1,3,2022,Rural,0,47.8,938633
881,2860,3,3,3,1959,Suburban,0,3.61,874397
882,1075,6,1,2,1997,Rural,1,17.81,649557
883,1807,4,3,3,1969,Rural,0,25.21,818053
884,3692,1,1,2,1988,Suburban,1,24.71,967473
885,3678,3,2,1,2009,Rural,0,0.3,338113
886,3234,2,1,1,2015,Suburban,0,25.11,515485
887,2712,3,2,2,2014,Urban,1,19.25,989953
888,2852,3,2,2,2000,Suburban,0,48.61,131679
889,4068,5,4,3,1985,Urban,1,8.04,721065
890,2155,3,2,1,1973,Urban,0,17.77,755663
891,2079,3,2,2,1976,Rural,0,21.03,330507
892,2703,4,1,1,1951,Rural,0,19.6,201792
893,1890,2,3,2,1980,Rural,0,33.32,967476
894,2242,4,4,1,2006,Suburban,0,10.85,597639
895,2425,4,2,3,2015,Rural,1,11.13,675311
896,1119,1,4,1,1978,Urban,0,36.49,731505
897,1774,4,1,1,1964,Rural,1,25.06,652236
898,1456,5,2,1,1961,Rural,0,20.82,784974
899,2439,5,1,1,1977,Suburban,1,8.54,259188
900,4453,1,4,1,1973,Suburban,0,9.46,882667
901,2881,6,1,3,1970,Urban,1,0.63,316999
902,1468,2,4,2,1959,Suburban,1,4.66,469385
903,1816,2,1,1,1967,Rural,0,27.89,301677
904,1543,4,4,3,1963,Suburban,0,44.6,217476
905,781,4,3,1,1983,Urban,0,14.43,190641
906,3344,6,1,1,2007,Rural,1,16.45,689362
907,1558,4,1,2,1971,Urban,1,5.87,824366
908,4793,2,3,1,2019,Suburban,0,19.49,618725
909,3032,3,3,3,1985,Suburban,0,1.96,196810
910,4328,5,1,3,1994,Urban,1,45.89,964276
911,1508,3,3,2,1985,Rural,1,33.69,130410
912,1729,3,2,1,1971,Suburban,0,49.54,59731
913,1535,2,4,3,2010,Suburban,1,44.15,705491
914,775,3,4,1,2005,Rural,0,23.7,892756
915,3240,6,4,1,1982,Suburban,0,26.03,225169
916,2789,1,2,1,1994,Urban,0,9.61,908152
917,1739,4,3,2,1985,Suburban,1,23.16,922865
918,625,1,3,1,1969,Suburban,1,45.16,305033
919,4565,5,1,3,1967,Rural,1,2.64,573857
920,4812,4,3,1,1987,Urban,1,43.19,913625
921,4368,3,1,3,2016,Rural,0,17.11,246749
922,1708,5,2,1,1972,Suburban,1,44.99,125192
923,3749,4,4,3,1965,Suburban,0,47.05,819117
924,1418,6,4,3,2008,Rural,0,33.58,127154
925,4423,6,4,1,2018,Rural,0,33.25,248542
926,4903,6,3,1,2017,Rural,1,22.69,148073
927,2469,6,1,3,1970,Urban,0,41.79,259894
928,3293,3,1,2,2019,Suburban,0,48.08,559235
929,1391,1,2,1,1961,Rural,1,38.78,834044
930,4970,4,3,2,1965,Suburban,0,31.13,615932
931,2533,3,2,1,1963,Urban,1,30.38,596357
932,1864,6,1,1,2010,Urban,1,42.49,908173
933,628,1,1,1,2020,Urban,1,27.11,460547
934,1514,5,4,1,1995,Urban,0,40.21,882329
935,2299,5,3,2,1981,Suburban,1,25.49,185006
936,2018,5,1,1,1964,Urban,1,3.22,443311
937,4681,6,4,3,1993,Urban,1,19.26,524710
938,1698,5,3,3,1966,Rural,1,22.28,928976
939,4373,2,2,2,1990,Urban,0,7.17,582994
940,2974,4,3,1,2003,Rural,1,5.21,214588
941,3985,4,3,3,1993,Urban,0,26.82,667890
942,4549,6,1,2,1954,Urban,1,4.35,530224
943,4219,2,1,1,1976,Rural,0,15.22,336773
944,802,3,3,3,1992,Urban,1,37.26,480126
945,4452,3,1,3,1980,Suburban,0,48.23,521756
946,1486,5,1,2,1966,Suburban,1,35.92,164746
947,2363,1,1,1,2003,Urban,0,49.63,584719
948,4940,3,4,1,2011,Suburban,0,34.95,227805
949,3572,1,4,3,1981,Rural,0,14.76,604376
950,3624,4,3,3,1989,Urban,1,33.64,739495
951,1827,1,1,3,1962,Urban,0,35.14,471231
952,2908,4,4,1,1984,Rural,0,18.65,795398
953,4173,2,3,2,1954,Rural,0,0.98,595673
954,3791,2,1,2,2022,Rural,0,35.19,372343
955,4533,6,2,1,1978,Urban,1,1.18,340821
956,1203,6,1,2,2019,Rural,0,31.6,158104
957,1074,5,1,3,1974,Rural,0,8.26,52818
958,3732,3,4,2,1971,Suburban,0,28.32,521438
959,3132,5,3,2,2015,Suburban,1,25.25,365145
960,4328,4,3,2,1994,Urban,0,0.77,195049
961,3730,5,4,3,2018,Suburban,0,18.21,614120
962,988,1,1,1,2021,Suburban,0,30.09,867363
963,1847,4,2,3,1950,Rural,0,42.45,648278
964,4181,6,1,1,1993,Rural,1,44.44,249966
965,3673,2,1,1,1988,Suburban,0,24.24,112204
966,2167,6,2,1,2003,Suburban,0,36.45,85784
967,2137,3,4,2,1978,Suburban,1,15.89,932737
968,4614,4,3,2,2003,Urban,1,17.18,49921
969,4053,4,4,1,1965,Urban,1,9.8,861391
970,1500,1,4,1,1969,Urban,0,28.14,858760
971,1350,3,1,2,1995,Suburban,1,15.8,966363
972,1888,2,3,3,2016,Suburban,0,4.31,295564
973,4212,4,3,1,2014,Urban,1,34.28,653794
974,1867,4,4,3,2007,Urban,0,35.42,114408
975,1321,1,2,2,2002,Suburban,1,18.06,688140
976,954,5,4,1,1950,Rural,0,3.93,780126
977,2124,2,2,3,2015,Urban,1,21.37,590996
978,3272,6,3,3,1978,Suburban,0,22.17,583135
979,4226,3,4,3,2019,Suburban,0,33.47,620277
980,3647,4,1,2,1957,Rural,0,15.84,951815
981,4589,4,4,2,1978,Suburban,0,34.16,44922
982,2690,6,3,3,2000,Suburban,0,43.59,503144
983,1416,2,1,3,1982,Urban,0,11.95,92335
984,4486,5,1,2,1952,Urban,0,48.95,953345
985,3375,4,2,3,2009,Rural,0,19.38,971045
986,1940,2,1,3,1984,Rural,1,13.44,845983
987,4900,6,1,2,2018,Suburban,0,21.13,190453
988,1235,1,4,3,1969,Urban,0,4.81,939751
989,4068,5,3,3,2022,Rural,1,6.37,357817
990,3838,3,2,3,1988,Rural,0,20.78,927963
991,3515,4,4,2,1953,Rural,1,38.15,62948
992,3389,2,1,3,1968,Suburban,0,45.03,656552
993,1461,1,1,2,1994,Urban,1,33.27,99072
994,3489,3,2,2,1992,Rural,1,5.35,369704
995,4348,2,3,1,1962,Urban,0,33.63,777609
996,1526,2,2,1,1962,Rural,1,31.81,697846
997,4365,3,4,3,2009,Rural,0,40.31,106691
998,3363,1,2,2,2006,Urban,0,41.28,705442
999,3001,6,1,1,2001,Urban,0,43.42,929213
1000,2447,1,4,3,2002,Urban,0,20.77,386249
